{
  "train_loss": [
    0.9700965745882555,
    0.8077763183550402,
    0.7923714789477262,
    0.7884638472036882,
    0.782367771322077,
    0.783837147734382,
    0.7805496129122648,
    0.7798437503251162,
    0.7755966240709479,
    0.7613932138139551,
    0.7439960160038688,
    0.7335408384149725,
    0.7285144139419902,
    0.7382344413887371,
    0.7294535907832059,
    0.7198157662695105,
    0.7163131182843988,
    0.7075915092771704,
    0.6982425938953053,
    0.7023013234138489,
    0.6956287785009905,
    0.6879393539645455,
    0.678434285250577,
    0.6739457032897256,
    0.6672188124873422,
    0.6619939776984128,
    0.6566276143897664,
    0.6496812321922996,
    0.6466165320439772,
    0.6464356129819696,
    0.6466463722965934,
    0.6446849351579492,
    0.640586032108827,
    0.6393632617863741,
    0.6367100450125608,
    0.6297322728417136,
    0.6255738979036157,
    0.6240147812799974,
    0.6213295405561273,
    0.6170426309108734,
    0.6152188805016604,
    0.6037873300639066,
    0.6089229339903052,
    0.611415372653441,
    0.6032681085846641,
    0.6034817668524656,
    0.5998933125625957,
    0.5869933637705717,
    0.5893804783170874,
    0.5886314348741011
  ],
  "train_acc": [
    0.5071428571428571,
    0.5861428571428572,
    0.5985714285714285,
    0.6032857142857143,
    0.6121428571428571,
    0.6081428571428571,
    0.609,
    0.6091428571428571,
    0.6094285714285714,
    0.6228571428571429,
    0.6231428571428571,
    0.6288571428571429,
    0.632,
    0.6197142857142857,
    0.6311428571428571,
    0.6341428571428571,
    0.6338571428571429,
    0.632,
    0.6344285714285715,
    0.6357142857142857,
    0.631,
    0.6358571428571429,
    0.6374285714285715,
    0.6365714285714286,
    0.6415714285714286,
    0.6374285714285715,
    0.6431428571428571,
    0.6471428571428571,
    0.6528571428571428,
    0.6502857142857142,
    0.6447142857142857,
    0.6535714285714286,
    0.655,
    0.6557142857142857,
    0.6558571428571428,
    0.6581428571428571,
    0.6604285714285715,
    0.6592857142857143,
    0.6598571428571428,
    0.6672857142857143,
    0.6757142857142857,
    0.6817142857142857,
    0.6718571428571428,
    0.6724285714285714,
    0.6791428571428572,
    0.685,
    0.6825714285714286,
    0.7012857142857143,
    0.7007142857142857,
    0.6938571428571428
  ],
  "val_loss": [
    0.807674515247345,
    0.7853782653808594,
    0.7845652341842652,
    0.7854120254516601,
    0.7834235906600953,
    0.7844714283943176,
    0.7825055241584777,
    0.7833846211433411,
    0.7773941040039063,
    0.7632137298583984,
    0.7563999772071839,
    0.7697947978973388,
    0.7501130938529968,
    0.7644715547561646,
    0.7443965792655944,
    0.7485288143157959,
    0.7390226602554322,
    0.7257147192955017,
    0.718903374671936,
    0.7285446643829345,
    0.7199744582176208,
    0.7107461333274842,
    0.6907461643218994,
    0.6943975925445557,
    0.674339210987091,
    0.6695743560791015,
    0.6681235671043396,
    0.6590524077415466,
    0.6560664892196655,
    0.6677987575531006,
    0.6535642504692077,
    0.651974081993103,
    0.6497131228446961,
    0.6469913721084595,
    0.6399358987808228,
    0.6334958910942078,
    0.6353285312652588,
    0.6236475825309753,
    0.6235355019569397,
    0.6209695696830749,
    0.6307800531387329,
    0.6134464263916015,
    0.6144575238227844,
    0.619738507270813,
    0.6082646012306213,
    0.6110197186470032,
    0.6000561714172363,
    0.5943328380584717,
    0.6059969186782836,
    0.6028358459472656
  ],
  "val_acc": [
    0.608,
    0.608,
    0.608,
    0.608,
    0.608,
    0.608,
    0.608,
    0.608,
    0.608,
    0.608,
    0.616,
    0.62,
    0.6206666666666667,
    0.6066666666666667,
    0.6193333333333333,
    0.6113333333333333,
    0.6153333333333333,
    0.6186666666666667,
    0.6133333333333333,
    0.6153333333333333,
    0.6066666666666667,
    0.6086666666666667,
    0.6273333333333333,
    0.62,
    0.6353333333333333,
    0.6346666666666667,
    0.636,
    0.638,
    0.654,
    0.6453333333333333,
    0.6526666666666666,
    0.6413333333333333,
    0.6446666666666667,
    0.6473333333333333,
    0.6466666666666666,
    0.654,
    0.666,
    0.66,
    0.6673333333333333,
    0.6766666666666666,
    0.6633333333333333,
    0.688,
    0.6773333333333333,
    0.6733333333333333,
    0.6933333333333334,
    0.684,
    0.6806666666666666,
    0.6846666666666666,
    0.684,
    0.694
  ]
}