{
  "train_loss": [
    2.565013657835193,
    1.5396805096389656,
    1.2536152253473611,
    1.1401330666434495,
    1.0554060429558718,
    1.0002174309321812,
    0.9888360081758715,
    0.9540311714760343,
    0.9672526409751491,
    0.9404338505035056,
    0.9417963517339606,
    0.9029936691872159,
    0.9479869920508306,
    0.8923139270983245,
    0.9173327137653092,
    0.9346012300118468,
    0.8716214267831099,
    0.8890468385882844,
    0.8858021062119563,
    0.9021653861031497,
    0.8834421895052257,
    0.8940126008557198,
    0.8763282772293665,
    0.8944997658406881,
    0.885639639859809
  ],
  "train_acc": [
    0.3481203007518797,
    0.5971804511278196,
    0.6443609022556391,
    0.6714285714285714,
    0.6975563909774436,
    0.7124060150375939,
    0.7033834586466166,
    0.71296992481203,
    0.7148496240601504,
    0.7218045112781954,
    0.7195488721804512,
    0.7293233082706767,
    0.718796992481203,
    0.7295112781954888,
    0.7223684210526315,
    0.7231203007518797,
    0.7394736842105263,
    0.7349624060150376,
    0.7398496240601504,
    0.7298872180451128,
    0.7411654135338346,
    0.731390977443609,
    0.7340225563909775,
    0.7255639097744361,
    0.73796992481203
  ],
  "val_loss": [
    1.3184380898350163,
    0.8019110084168221,
    0.7559823167167212,
    0.5837434761912415,
    0.5185985529011018,
    0.44615217910001154,
    0.4175728007758919,
    0.4753362276297259,
    0.3922972334646865,
    0.3917400339814393,
    0.3848001594116029,
    0.3983504436174898,
    0.40849206911792096,
    0.3295604849589596,
    0.39281709928457675,
    0.3346695234410857,
    0.33526547585466976,
    0.343098492444934,
    0.30785696120001377,
    0.31958006520657556,
    0.3112953098539851,
    0.30401784136254145,
    0.32066726126512024,
    0.3090797386898071,
    0.3187062577234189
  ],
  "val_acc": [
    0.7065789473684211,
    0.8167763157894737,
    0.7858552631578948,
    0.8355263157894737,
    0.8542763157894737,
    0.868421052631579,
    0.8713815789473685,
    0.850328947368421,
    0.8799342105263158,
    0.8769736842105263,
    0.8786184210526315,
    0.8773026315789474,
    0.8707236842105263,
    0.9006578947368421,
    0.8700657894736842,
    0.8944078947368421,
    0.8871710526315789,
    0.8881578947368421,
    0.9082236842105263,
    0.8986842105263158,
    0.8947368421052632,
    0.9006578947368421,
    0.8930921052631579,
    0.9036184210526316,
    0.89375
  ]
}